city,region,country,snapshot,listings_total,eligible,above_superhost,pct_above_superhost,above_guest_favorite,buffer_zero,pct_zero_buffer_of_above,buffer_one_or_less,pct_one_or_less_of_above,median_buffer,within_5_of_superhost,url
buenos-aires,ciudad-autónoma-de-buenos-aires,argentina,2026-06-29,29685,17985,11735,65.2,6730,5440,46.4,8237,70.2,1,989,https://data.insideairbnb.com/argentina/ciudad-autónoma-de-buenos-aires/buenos-aires/2026-06-29/data/listings.csv.gz
barossa-valley,sa,australia,2026-06-29,360,250,203,81.2,146,56,27.6,104,51.2,1,5,https://data.insideairbnb.com/australia/sa/barossa-valley/2026-06-29/data/listings.csv.gz
barwon-south-west-vic,vic,australia,2026-06-29,7095,4518,3146,69.6,2080,1153,36.6,1849,58.8,1,181,https://data.insideairbnb.com/australia/vic/barwon-south-west-vic/2026-06-29/data/listings.csv.gz
brisbane,qld,australia,2026-06-15,6347,4007,2217,55.3,1264,1018,45.9,1552,70.0,1,217,https://data.insideairbnb.com/australia/qld/brisbane/2026-06-15/data/listings.csv.gz
melbourne,vic,australia,2026-06-16,25728,13267,8061,60.8,4734,3572,44.3,5396,66.9,1,696,https://data.insideairbnb.com/australia/vic/melbourne/2026-06-16/data/listings.csv.gz
mid-north-coast,nsw,australia,2026-06-19,5328,3087,2176,70.5,1436,762,35.0,1259,57.9,1,117,https://data.insideairbnb.com/australia/nsw/mid-north-coast/2026-06-19/data/listings.csv.gz
mornington-peninsula,vic,australia,2026-06-22,4458,2651,1955,73.7,1325,793,40.6,1224,62.6,1,113,https://data.insideairbnb.com/australia/vic/mornington-peninsula/2026-06-22/data/listings.csv.gz
northern-rivers,nsw,australia,2026-06-24,6367,3468,2575,74.3,1690,993,38.6,1524,59.2,1,153,https://data.insideairbnb.com/australia/nsw/northern-rivers/2026-06-24/data/listings.csv.gz
sunshine-coast,qld,australia,2026-06-30,7297,4243,3191,75.2,2099,1134,35.5,1815,56.9,1,223,https://data.insideairbnb.com/australia/qld/sunshine-coast/2026-06-30/data/listings.csv.gz
sydney,nsw,australia,2026-06-16,20573,10891,5980,54.9,3390,2868,48.0,4171,69.7,1,565,https://data.insideairbnb.com/australia/nsw/sydney/2026-06-16/data/listings.csv.gz
tasmania,tas,australia,2026-06-15,6618,5211,3913,75.1,2539,1106,28.3,1870,47.8,2,167,https://data.insideairbnb.com/australia/tas/tasmania/2026-06-15/data/listings.csv.gz
western-australia,wa,australia,2026-06-28,11724,8678,5807,66.9,3576,2181,37.6,3423,58.9,1,377,https://data.insideairbnb.com/australia/wa/western-australia/2026-06-28/data/listings.csv.gz
vienna,vienna,austria,2026-06-20,13283,7390,3678,49.8,1951,1702,46.3,2499,67.9,1,402,https://data.insideairbnb.com/austria/vienna/vienna/2026-06-20/data/listings.csv.gz
antwerp,vlg,belgium,2026-06-29,2535,1462,705,48.2,382,318,45.1,486,68.9,1,56,https://data.insideairbnb.com/belgium/vlg/antwerp/2026-06-29/data/listings.csv.gz
brussels,bru,belgium,2026-06-27,5078,3304,1503,45.5,741,706,47.0,1032,68.7,1,131,https://data.insideairbnb.com/belgium/bru/brussels/2026-06-27/data/listings.csv.gz
ghent,vlg,belgium,2026-06-29,1383,942,520,55.2,259,228,43.8,327,62.9,1,43,https://data.insideairbnb.com/belgium/vlg/ghent/2026-06-29/data/listings.csv.gz
belize,bz,belize,2026-06-29,3608,1684,1213,72.0,757,595,49.1,862,71.1,1,100,https://data.insideairbnb.com/belize/bz/belize/2026-06-29/data/listings.csv.gz
rio-de-janeiro,rj,brazil,2026-06-24,48713,22938,16390,71.5,10564,7897,48.2,11983,73.1,1,1123,https://data.insideairbnb.com/brazil/rj/rio-de-janeiro/2026-06-24/data/listings.csv.gz
são-paulo,sp,brazil,2026-06-14,42354,24192,16535,68.3,10529,7399,44.7,11522,69.7,1,1239,https://data.insideairbnb.com/brazil/sp/são-paulo/2026-06-14/data/listings.csv.gz
montreal,qc,canada,2026-06-15,10656,5265,2906,55.2,1491,1335,45.9,2010,69.2,1,246,https://data.insideairbnb.com/canada/qc/montreal/2026-06-15/data/listings.csv.gz
new-brunswick,nb,canada,2026-06-30,4620,2908,2283,78.5,1600,842,36.9,1418,62.1,1,124,https://data.insideairbnb.com/canada/nb/new-brunswick/2026-06-30/data/listings.csv.gz
ottawa,on,canada,2026-06-24,2727,1498,948,63.3,573,355,37.4,545,57.5,1,76,https://data.insideairbnb.com/canada/on/ottawa/2026-06-24/data/listings.csv.gz
quebec-city,qc,canada,2026-06-19,2204,1452,818,56.3,417,269,32.9,457,55.9,1,67,https://data.insideairbnb.com/canada/qc/quebec-city/2026-06-19/data/listings.csv.gz
toronto,on,canada,2026-06-15,22198,9921,6864,69.2,4176,3262,47.5,4874,71.0,1,520,https://data.insideairbnb.com/canada/on/toronto/2026-06-15/data/listings.csv.gz
vancouver,bc,canada,2026-06-15,6509,3539,2474,69.9,1483,922,37.3,1478,59.7,1,163,https://data.insideairbnb.com/canada/bc/vancouver/2026-06-15/data/listings.csv.gz
victoria,bc,canada,2026-06-29,3530,2545,2080,81.7,1476,575,27.6,984,47.3,2,64,https://data.insideairbnb.com/canada/bc/victoria/2026-06-29/data/listings.csv.gz
winnipeg,mb,canada,2026-06-22,1790,1198,724,60.4,367,340,47.0,489,67.5,1,56,https://data.insideairbnb.com/canada/mb/winnipeg/2026-06-22/data/listings.csv.gz
santiago,rm,chile,2026-06-29,18534,10198,6808,66.8,4054,3203,47.0,4943,72.6,1,532,https://data.insideairbnb.com/chile/rm/santiago/2026-06-29/data/listings.csv.gz
hong-kong,hk,china,2026-06-27,6734,1808,659,36.4,308,398,60.4,532,80.7,0,97,https://data.insideairbnb.com/china/hk/hong-kong/2026-06-27/data/listings.csv.gz
bogotá,dc,colombia,2026-06-21,19187,8900,4936,55.5,2610,2732,55.3,3893,78.9,0,598,https://data.insideairbnb.com/colombia/dc/bogotá/2026-06-21/data/listings.csv.gz
prague,prague,czech-republic,2026-06-27,11615,8063,4501,55.8,2382,1657,36.8,2541,56.5,1,349,https://data.insideairbnb.com/czech-republic/prague/prague/2026-06-27/data/listings.csv.gz
copenhagen,hovedstaden,denmark,2026-06-30,23144,10556,7729,73.2,5137,5169,66.9,6863,88.8,0,682,https://data.insideairbnb.com/denmark/hovedstaden/copenhagen/2026-06-30/data/listings.csv.gz
bordeaux,nouvelle-aquitaine,france,2026-06-22,12217,6363,3971,62.4,2273,1912,48.1,2865,72.1,1,350,https://data.insideairbnb.com/france/nouvelle-aquitaine/bordeaux/2026-06-22/data/listings.csv.gz
lyon,auvergne-rhone-alpes,france,2026-06-22,9317,4806,2600,54.1,1450,1187,45.7,1778,68.4,1,257,https://data.insideairbnb.com/france/auvergne-rhone-alpes/lyon/2026-06-22/data/listings.csv.gz
paris,ile-de-france,france,2026-06-16,77679,38162,21535,56.4,12459,11848,55.0,17079,79.3,0,2211,https://data.insideairbnb.com/france/ile-de-france/paris/2026-06-16/data/listings.csv.gz
pays-basque,pyrénées-atlantiques,france,2026-06-23,12081,6603,4242,64.2,2455,2218,52.3,3234,76.2,0,395,https://data.insideairbnb.com/france/pyrénées-atlantiques/pays-basque/2026-06-23/data/listings.csv.gz
berlin,be,germany,2026-06-26,12776,6649,3955,59.5,2343,1730,43.7,2621,66.3,1,282,https://data.insideairbnb.com/germany/be/berlin/2026-06-26/data/listings.csv.gz
munich,bv,germany,2026-06-29,6865,3028,1929,63.7,1224,1057,54.8,1482,76.8,0,167,https://data.insideairbnb.com/germany/bv/munich/2026-06-29/data/listings.csv.gz
athens,attica,greece,2026-06-28,14337,8696,5709,65.7,3247,2102,36.8,3330,58.3,1,420,https://data.insideairbnb.com/greece/attica/athens/2026-06-28/data/listings.csv.gz
crete,crete,greece,2026-06-29,27333,12532,9698,77.4,6956,4760,49.1,7343,75.7,1,576,https://data.insideairbnb.com/greece/crete/crete/2026-06-29/data/listings.csv.gz
south-aegean,south-aegean,greece,2026-06-28,36680,16405,12684,77.3,8904,5960,47.0,9273,73.1,1,750,https://data.insideairbnb.com/greece/south-aegean/south-aegean/2026-06-28/data/listings.csv.gz
thessaloniki,central-macedonia,greece,2026-06-29,4965,2895,1697,58.6,970,726,42.8,1123,66.2,1,148,https://data.insideairbnb.com/greece/central-macedonia/thessaloniki/2026-06-29/data/listings.csv.gz
budapest,közép-magyarország,hungary,2026-06-28,11454,8472,4813,56.8,2520,1468,30.5,2350,48.8,2,333,https://data.insideairbnb.com/hungary/közép-magyarország/budapest/2026-06-28/data/listings.csv.gz
dublin,leinster,ireland,2026-06-21,6966,3896,2187,56.1,1266,941,43.0,1413,64.6,1,191,https://data.insideairbnb.com/ireland/leinster/dublin/2026-06-21/data/listings.csv.gz
ireland,,ireland,2026-06-21,32434,20198,15011,74.3,10247,4982,33.2,8120,54.1,1,745,https://data.insideairbnb.com/ireland/2026-06-21/data/listings.csv.gz
bergamo,lombardia,italy,2026-06-30,4237,2097,1378,65.7,822,651,47.2,947,68.7,1,122,https://data.insideairbnb.com/italy/lombardia/bergamo/2026-06-30/data/listings.csv.gz
bologna,emilia-romagna,italy,2026-06-26,4948,3206,1780,55.5,999,706,39.7,1022,57.4,1,153,https://data.insideairbnb.com/italy/emilia-romagna/bologna/2026-06-26/data/listings.csv.gz
florence,toscana,italy,2026-06-26,13472,9345,5524,59.1,3111,1790,32.4,2861,51.8,1,399,https://data.insideairbnb.com/italy/toscana/florence/2026-06-26/data/listings.csv.gz
milan,lombardy,italy,2026-06-25,25750,13896,7766,55.9,4464,3478,44.8,5191,66.8,1,738,https://data.insideairbnb.com/italy/lombardy/milan/2026-06-25/data/listings.csv.gz
naples,campania,italy,2026-06-25,11575,5237,3001,57.3,1642,1235,41.2,1834,61.1,1,256,https://data.insideairbnb.com/italy/campania/naples/2026-06-25/data/listings.csv.gz
puglia,puglia,italy,2026-06-30,48683,13223,8570,64.8,5352,4925,57.5,6809,79.5,0,822,https://data.insideairbnb.com/italy/puglia/puglia/2026-06-30/data/listings.csv.gz
rome,lazio,italy,2026-06-20,37084,23990,14530,60.6,8396,5420,37.3,8666,59.6,1,1009,https://data.insideairbnb.com/italy/lazio/rome/2026-06-20/data/listings.csv.gz
sicily,sicilia,italy,2026-06-30,56873,20415,12657,62.0,7328,6389,50.5,9314,73.6,0,1259,https://data.insideairbnb.com/italy/sicilia/sicily/2026-06-30/data/listings.csv.gz
trentino,trentino-alto-adige-südtirol,italy,2026-06-30,10084,4060,2755,67.9,1797,1453,52.7,2119,76.9,0,219,https://data.insideairbnb.com/italy/trentino-alto-adige-südtirol/trentino/2026-06-30/data/listings.csv.gz
venice,veneto,italy,2026-06-15,8766,6319,3559,56.3,2003,1016,28.5,1647,46.3,2,227,https://data.insideairbnb.com/italy/veneto/venice/2026-06-15/data/listings.csv.gz
tokyo,kantō,japan,2026-06-30,34419,21367,11291,52.8,6036,6022,53.3,8738,77.4,0,1381,https://data.insideairbnb.com/japan/kantō/tokyo/2026-06-30/data/listings.csv.gz
nairobi,nairobi,kenya,2026-06-15,22008,3223,1876,58.2,1047,1272,67.8,1663,88.6,0,244,https://data.insideairbnb.com/kenya/nairobi/nairobi/2026-06-15/data/listings.csv.gz
riga,riga,latvia,2026-06-30,3471,2174,1471,67.7,865,588,40.0,955,64.9,1,108,https://data.insideairbnb.com/latvia/riga/riga/2026-06-30/data/listings.csv.gz
malta,,malta,2026-06-28,13155,6366,3327,52.3,1815,1724,51.8,2481,74.6,0,413,https://data.insideairbnb.com/malta/2026-06-28/data/listings.csv.gz
mexico-city,df,mexico,2026-06-15,31430,18790,11068,58.9,5544,4730,42.7,7342,66.3,1,1009,https://data.insideairbnb.com/mexico/df/mexico-city/2026-06-15/data/listings.csv.gz
new-zealand,,new-zealand,2026-08-13,51325,33171,25454,76.7,17005,8771,34.5,14138,55.5,1,1249,https://data.insideairbnb.com/new-zealand/2026-08-13/data/listings.csv.gz
oslo,oslo,norway,2026-06-30,13391,4986,3720,74.6,2517,2314,62.2,3116,83.8,0,262,https://data.insideairbnb.com/norway/oslo/oslo/2026-06-30/data/listings.csv.gz
lisbon,lisbon,portugal,2026-06-23,24876,15716,6769,43.1,3159,2656,39.2,3985,58.9,1,679,https://data.insideairbnb.com/portugal/lisbon/lisbon/2026-06-23/data/listings.csv.gz
porto,norte,portugal,2026-06-23,15278,10126,4993,49.3,2392,2064,41.3,3044,61.0,1,472,https://data.insideairbnb.com/portugal/norte/porto/2026-06-23/data/listings.csv.gz
singapore,sg,singapore,2026-06-29,3097,558,189,33.9,84,122,64.6,162,85.7,0,47,https://data.insideairbnb.com/singapore/sg/singapore/2026-06-29/data/listings.csv.gz
cape-town,wc,south-africa,2026-06-29,27381,12699,8335,65.6,5068,4248,51.0,6224,74.7,0,751,https://data.insideairbnb.com/south-africa/wc/cape-town/2026-06-29/data/listings.csv.gz
barcelona,catalonia,spain,2026-06-24,15293,7547,2501,33.1,1116,1091,43.6,1484,59.3,1,286,https://data.insideairbnb.com/spain/catalonia/barcelona/2026-06-24/data/listings.csv.gz
euskadi,pv,spain,2026-06-30,6248,4263,2400,56.3,1278,1000,41.7,1462,60.9,1,197,https://data.insideairbnb.com/spain/pv/euskadi/2026-06-30/data/listings.csv.gz
girona,catalonia,spain,2026-06-30,21257,8888,4423,49.8,2490,2416,54.6,3412,77.1,0,559,https://data.insideairbnb.com/spain/catalonia/girona/2026-06-30/data/listings.csv.gz
madrid,comunidad-de-madrid,spain,2026-06-20,22708,13221,5119,38.7,2306,2284,44.6,3311,64.7,1,628,https://data.insideairbnb.com/spain/comunidad-de-madrid/madrid/2026-06-20/data/listings.csv.gz
malaga,andalucía,spain,2026-06-30,9568,6150,2533,41.2,1153,1173,46.3,1688,66.6,1,321,https://data.insideairbnb.com/spain/andalucía/malaga/2026-06-30/data/listings.csv.gz
mallorca,islas-baleares,spain,2026-06-23,14817,7218,3681,51.0,2064,1864,50.6,2745,74.6,0,447,https://data.insideairbnb.com/spain/islas-baleares/mallorca/2026-06-23/data/listings.csv.gz
menorca,islas-baleares,spain,2026-06-30,3620,1880,932,49.6,485,548,58.8,777,83.4,0,138,https://data.insideairbnb.com/spain/islas-baleares/menorca/2026-06-30/data/listings.csv.gz
sevilla,andalucía,spain,2026-06-30,8245,5926,2745,46.3,1151,1033,37.6,1577,57.4,1,270,https://data.insideairbnb.com/spain/andalucía/sevilla/2026-06-30/data/listings.csv.gz
valencia,vc,spain,2026-06-26,7851,4844,2108,43.5,934,931,44.2,1400,66.4,1,242,https://data.insideairbnb.com/spain/vc/valencia/2026-06-26/data/listings.csv.gz
stockholm,stockholms-län,sweden,2026-06-30,4806,2232,1499,67.2,962,801,53.4,1159,77.3,0,109,https://data.insideairbnb.com/sweden/stockholms-län/stockholm/2026-06-30/data/listings.csv.gz
geneva,geneva,switzerland,2026-06-29,2593,1132,603,53.3,336,360,59.7,491,81.4,0,70,https://data.insideairbnb.com/switzerland/geneva/geneva/2026-06-29/data/listings.csv.gz
vaud,vd,switzerland,2026-08-10,5295,2158,1465,67.9,922,756,51.6,1083,73.9,0,101,https://data.insideairbnb.com/switzerland/vd/vaud/2026-08-10/data/listings.csv.gz
zurich,zürich,switzerland,2026-06-30,3308,1439,844,58.7,435,424,50.2,631,74.8,0,84,https://data.insideairbnb.com/switzerland/zürich/zurich/2026-06-30/data/listings.csv.gz
taipei,northern-taiwan,taiwan,2026-06-30,6419,3419,1864,54.5,831,962,51.6,1382,74.1,0,207,https://data.insideairbnb.com/taiwan/northern-taiwan/taipei/2026-06-30/data/listings.csv.gz
bangkok,central-thailand,thailand,2026-06-29,31069,10805,6098,56.4,3383,3483,57.1,4802,78.7,0,695,https://data.insideairbnb.com/thailand/central-thailand/bangkok/2026-06-29/data/listings.csv.gz
amsterdam,north-holland,the-netherlands,2026-06-15,10369,5429,3936,72.5,2569,2233,56.7,2989,75.9,0,234,https://data.insideairbnb.com/the-netherlands/north-holland/amsterdam/2026-06-15/data/listings.csv.gz
rotterdam,south-holland,the-netherlands,2026-06-28,1357,777,430,55.3,247,246,57.2,333,77.4,0,45,https://data.insideairbnb.com/the-netherlands/south-holland/rotterdam/2026-06-28/data/listings.csv.gz
the-hague,south-holland,the-netherlands,2026-06-28,1492,725,388,53.5,234,229,59.0,301,77.6,0,25,https://data.insideairbnb.com/the-netherlands/south-holland/the-hague/2026-06-28/data/listings.csv.gz
istanbul,marmara,turkey,2026-06-30,26631,9184,4279,46.6,2107,2267,53.0,3275,76.5,0,517,https://data.insideairbnb.com/turkey/marmara/istanbul/2026-06-30/data/listings.csv.gz
bristol,england,united-kingdom,2026-06-29,3023,1805,1140,63.2,723,459,40.3,708,62.1,1,84,https://data.insideairbnb.com/united-kingdom/england/bristol/2026-06-29/data/listings.csv.gz
edinburgh,scotland,united-kingdom,2026-06-23,6244,4567,2916,63.8,1748,839,28.8,1363,46.7,2,151,https://data.insideairbnb.com/united-kingdom/scotland/edinburgh/2026-06-23/data/listings.csv.gz
greater-manchester,england,united-kingdom,2026-06-28,6930,3444,1887,54.8,1077,864,45.8,1267,67.1,1,195,https://data.insideairbnb.com/united-kingdom/england/greater-manchester/2026-06-28/data/listings.csv.gz
london,england,united-kingdom,2026-06-19,92638,37772,19829,52.5,11678,11109,56.0,15603,78.7,0,2294,https://data.insideairbnb.com/united-kingdom/england/london/2026-06-19/data/listings.csv.gz
albany,ny,united-states,2026-06-16,490,279,169,60.6,106,63,37.3,88,52.1,1,13,https://data.insideairbnb.com/united-states/ny/albany/2026-06-16/data/listings.csv.gz
asheville,nc,united-states,2026-06-25,2865,2194,1912,87.1,1448,379,19.8,681,35.6,3,47,https://data.insideairbnb.com/united-states/nc/asheville/2026-06-25/data/listings.csv.gz
austin,tx,united-states,2026-06-22,11295,6619,5013,75.7,3533,1647,32.9,2741,54.7,1,252,https://data.insideairbnb.com/united-states/tx/austin/2026-06-22/data/listings.csv.gz
boston,ma,united-states,2026-06-15,4378,2359,1311,55.6,715,546,41.6,775,59.1,1,92,https://data.insideairbnb.com/united-states/ma/boston/2026-06-15/data/listings.csv.gz
bozeman,mt,united-states,2026-06-19,590,405,363,89.6,298,73,20.1,133,36.6,2,6,https://data.insideairbnb.com/united-states/mt/bozeman/2026-06-19/data/listings.csv.gz
broward-county,fl,united-states,2026-06-29,17698,9605,5624,58.6,3292,2483,44.2,3758,66.8,1,498,https://data.insideairbnb.com/united-states/fl/broward-county/2026-06-29/data/listings.csv.gz
cambridge,ma,united-states,2026-06-29,1438,758,461,60.8,279,176,38.2,265,57.5,1,43,https://data.insideairbnb.com/united-states/ma/cambridge/2026-06-29/data/listings.csv.gz
chicago,il,united-states,2026-06-24,8660,5178,3351,64.7,1961,1163,34.7,1862,55.6,1,236,https://data.insideairbnb.com/united-states/il/chicago/2026-06-24/data/listings.csv.gz
clark-county-nv,nv,united-states,2026-06-27,20234,8451,5730,67.8,3311,2410,42.1,3779,66.0,1,407,https://data.insideairbnb.com/united-states/nv/clark-county-nv/2026-06-27/data/listings.csv.gz
columbus,oh,united-states,2026-06-29,2959,1865,1225,65.7,749,398,32.5,618,50.4,1,72,https://data.insideairbnb.com/united-states/oh/columbus/2026-06-29/data/listings.csv.gz
dallas,tx,united-states,2026-06-15,6564,3528,2249,63.7,1360,1032,45.9,1522,67.7,1,198,https://data.insideairbnb.com/united-states/tx/dallas/2026-06-15/data/listings.csv.gz
denver,co,united-states,2026-06-30,4939,3055,2584,84.6,1870,751,29.1,1253,48.5,2,96,https://data.insideairbnb.com/united-states/co/denver/2026-06-30/data/listings.csv.gz
fort-worth,tx,united-states,2026-06-21,2414,1268,914,72.1,597,352,38.5,547,59.8,1,68,https://data.insideairbnb.com/united-states/tx/fort-worth/2026-06-21/data/listings.csv.gz
hawaii,hi,united-states,2026-06-21,38156,18558,12369,66.7,7429,4929,39.8,7594,61.4,1,937,https://data.insideairbnb.com/united-states/hi/hawaii/2026-06-21/data/listings.csv.gz
jersey-city,nj,united-states,2026-06-27,2320,1196,666,55.7,411,285,42.8,453,68.0,1,56,https://data.insideairbnb.com/united-states/nj/jersey-city/2026-06-27/data/listings.csv.gz
los-angeles,ca,united-states,2026-06-15,43751,19907,13795,69.3,8780,5357,38.8,8293,60.1,1,896,https://data.insideairbnb.com/united-states/ca/los-angeles/2026-06-15/data/listings.csv.gz
nashville,tn,united-states,2026-06-26,10242,6724,5208,77.5,3509,1447,27.8,2422,46.5,2,204,https://data.insideairbnb.com/united-states/tn/nashville/2026-06-26/data/listings.csv.gz
new-orleans,la,united-states,2026-06-16,7189,4523,3077,68.0,1967,896,29.1,1479,48.1,2,144,https://data.insideairbnb.com/united-states/la/new-orleans/2026-06-16/data/listings.csv.gz
new-york-city,ny,united-states,2026-06-14,30259,12102,6829,56.4,3964,3279,48.0,4712,69.0,1,650,https://data.insideairbnb.com/united-states/ny/new-york-city/2026-06-14/data/listings.csv.gz
newark,nj,united-states,2026-06-30,2019,1064,462,43.4,212,228,49.4,352,76.2,1,57,https://data.insideairbnb.com/united-states/nj/newark/2026-06-30/data/listings.csv.gz
oakland,ca,united-states,2026-06-27,2151,1278,912,71.4,589,353,38.7,527,57.8,1,43,https://data.insideairbnb.com/united-states/ca/oakland/2026-06-27/data/listings.csv.gz
pacific-grove,ca,united-states,2026-06-14,269,153,118,77.1,75,39,33.1,67,56.8,1,10,https://data.insideairbnb.com/united-states/ca/pacific-grove/2026-06-14/data/listings.csv.gz
portland,or,united-states,2026-06-15,4199,2874,2434,84.7,1704,542,22.3,901,37.0,3,77,https://data.insideairbnb.com/united-states/or/portland/2026-06-15/data/listings.csv.gz
rhode-island,ri,united-states,2026-06-30,6031,3462,2697,77.9,1887,892,33.1,1530,56.7,1,123,https://data.insideairbnb.com/united-states/ri/rhode-island/2026-06-30/data/listings.csv.gz
rochester,ny,united-states,2026-06-27,1055,573,422,73.6,264,155,36.7,233,55.2,1,24,https://data.insideairbnb.com/united-states/ny/rochester/2026-06-27/data/listings.csv.gz
salem-or,or,united-states,2026-06-28,349,190,164,86.3,126,50,30.5,79,48.2,2,9,https://data.insideairbnb.com/united-states/or/salem-or/2026-06-28/data/listings.csv.gz
san-diego,ca,united-states,2026-06-27,13225,8231,5875,71.4,3730,1798,30.6,3026,51.5,1,326,https://data.insideairbnb.com/united-states/ca/san-diego/2026-06-27/data/listings.csv.gz
san-francisco,ca,united-states,2026-06-14,7332,3592,2613,72.7,1725,975,37.3,1457,55.8,1,116,https://data.insideairbnb.com/united-states/ca/san-francisco/2026-06-14/data/listings.csv.gz
san-mateo-county,ca,united-states,2026-06-27,3347,1858,1335,71.9,837,435,32.6,701,52.5,1,78,https://data.insideairbnb.com/united-states/ca/san-mateo-county/2026-06-27/data/listings.csv.gz
santa-clara-county,ca,united-states,2026-06-28,6891,3534,2426,68.6,1539,981,40.4,1517,62.5,1,174,https://data.insideairbnb.com/united-states/ca/santa-clara-county/2026-06-28/data/listings.csv.gz
santa-cruz-county,ca,united-states,2026-06-30,1795,1278,972,76.1,619,285,29.3,441,45.4,2,44,https://data.insideairbnb.com/united-states/ca/santa-cruz-county/2026-06-30/data/listings.csv.gz
seattle,wa,united-states,2026-06-15,7769,4928,3814,77.4,2605,996,26.1,1736,45.5,2,143,https://data.insideairbnb.com/united-states/wa/seattle/2026-06-15/data/listings.csv.gz
twin-cities-msa,mn,united-states,2026-06-27,5349,3482,2689,77.2,1864,883,32.8,1437,53.4,1,152,https://data.insideairbnb.com/united-states/mn/twin-cities-msa/2026-06-27/data/listings.csv.gz
washington-dc,dc,united-states,2026-06-24,6945,4083,2564,62.8,1505,808,31.5,1277,49.8,2,173,https://data.insideairbnb.com/united-states/dc/washington-dc/2026-06-24/data/listings.csv.gz
